scientific_name,ott_name,closest_relative
Phalacrocorax aristotelis,Phalacrocorax aristotelis,Pelecanus crispus
Spermophilus citellus,Spermophilus citellus,Mus musculus
Erpetoichthys calabaricus,Erpetoichthys calabaricus,Cyprinus carpio
Anabas testudineus,Anabas testudineus,Betta splendens
Gouania willdenowi,Gouania willdenowi,Amphiprion ocellaris
Thalassophryne amazonica,Thalassophryne amazonica,Amphiprion ocellaris
Denticeps clupeoides,Denticeps clupeoides,Clupea harengus
Danio kyathit,Danio kyathit,Cyprinus carpio
Harpagifer antarcticus,Harpagifer antarcticus,Pungitius pungitius
Trematomus bernacchii,Trematomus bernacchii,Pungitius pungitius
Neostethus bicornis,Neostethus bicornis,Poecilia reticulata
Danio aesculapii,Danio aesculapii,Cyprinus carpio
Cottoperca gobio,Cottoperca gobio,Pungitius pungitius
Gymnodraco acuticeps,Gymnodraco acuticeps,Pungitius pungitius
Betta splendens,Betta splendens,Betta splendens
Takifugu rubripes,Takifugu rubripes,Larimichthys crocea
Sparus aurata,Sparus aurata,Larimichthys crocea
Rhinatrema bivittatum,Rhinatrema bivittatum,Mus musculus
Microcaecilia unicolor,Microcaecilia unicolor,Mus musculus
Geotrypetes seraphini,Geotrypetes seraphini,Mus musculus
Hyperoodon ampullatus,Hyperoodon ampullatus,Tursiops truncatus
Solea solea,Solea solea,Cynoglossus semilaevis
Platichthys flesus,Platichthys flesus,Paralichthys olivaceus
Plecotus auritus,Plecotus auritus,Rousettus aegyptiacus
Ammodytes marinus,Ammodytes marinus,Larimichthys crocea
Argentina silus,Argentina silus,Salmo salar
Raja brachyura,Raja brachyura,Mus musculus
Scophthalmus maximus,Scophthalmus maximus,Paralichthys olivaceus
Scomber scombrus,Scomber scombrus,Amphiprion ocellaris
Muntiacus reevesi,Muntiacus reevesi,Cervus nippon
Delphinus delphis,Delphinus delphis,Tursiops truncatus
Phocoena phocoena,Phocoena phocoena,Tursiops truncatus
Lagenorhynchus albirostris,Lagenorhynchus albirostris,Tursiops truncatus
Globicephala melas,Globicephala melas,Tursiops truncatus
Stenella coeruleoalba,Stenella coeruleoalba,Tursiops truncatus
Balaenoptera acutorostrata,Balaenoptera acutorostrata,Tursiops truncatus
Thunnus thynnus,Thunnus thynnus,Syngnathus scovelli
Zootoca vivipara,Zootoca vivipara,Thamnophis sirtalis
Lampetra fluviatilis,Lampetra fluviatilis,Mus musculus
Chelon labrosus,Chelon labrosus,Amphiprion ocellaris
Pollachius pollachius,Pollachius pollachius,Amphiprion ocellaris
Labrus mixtus,Labrus mixtus,Larimichthys crocea
Zeus faber,Zeus faber,Amphiprion ocellaris
Labrus bergylta,Labrus bergylta,Larimichthys crocea
Eutrigla gurnardus,Eutrigla gurnardus,Pungitius pungitius
Sardina pilchardus,Sardina pilchardus,Clupea harengus
Sprattus sprattus,Sprattus sprattus,Clupea harengus
Mesoplodon bidens,Mesoplodon bidens,Tursiops truncatus
Vespertilio murinus,Vespertilio murinus,Rousettus aegyptiacus
Aythya ferina,Aythya ferina,Chauna torquata
Clangula hyemalis,Clangula hyemalis,Chauna torquata
Anas acuta,Anas acuta,Chauna torquata
Chroicocephalus ridibundus,Chroicocephalus ridibundus,Larus marinus
Larus fuscus,Larus fuscus,Larus marinus
Anser brachyrhynchus,Anser brachyrhynchus,Chauna torquata
Bucephala clangula,Bucephala clangula,Chauna torquata
Netta rufina,Netta rufina,Chauna torquata
Neogale vison,Neovison vison,Neogale vison
Talpa europaea,Talpa europaea,Cervus nippon
Bombina variegata,Bombina variegata,Mus musculus
Numenius arquata,Numenius arquata,Larus marinus
Echiichthys vipera,Echiichthys vipera,Pungitius pungitius
Limanda limanda,Limanda limanda,Paralichthys olivaceus
Blennius ocellaris,Blennius ocellaris,Amphiprion ocellaris
Rhamphochromis sp. 'chilingali',Rhamphochromis,Poecilia reticulata
Rangifer tarandus platyrhynchus,Rangifer tarandus platyrhynchus,Cervus nippon
Somateria mollissima,Somateria mollissima,Chauna torquata
Abramis brama,Abramis brama,Cyprinus carpio
Gobio gobio,Gobio gobio,Cyprinus carpio
Barbatula barbatula,Barbatula barbatula,Cyprinus carpio
Scardinius erythrophthalmus,Scardinius erythrophthalmus,Cyprinus carpio
Pungitius pungitius,Pungitius pungitius,Pungitius pungitius
Anas platyrhynchos,Anas platyrhynchos,Chauna torquata
Grus grus,Grus grus,Saxicola maurus
Vulpes vulpes,Vulpes vulpes,Vulpes vulpes
Anser anser,Anser anser,Chauna torquata
Gallinula chloropus,Gallinula chloropus,Saxicola maurus
Cetorhinus maximus,Cetorhinus maximus,Mus musculus
Miniopterus schreibersii,Miniopterus schreibersii schreibersii,Rousettus aegyptiacus
Rhinolophus hipposideros,Rhinolophus hipposideros,Rousettus aegyptiacus
Larus michahellis,Larus michahellis,Larus marinus
Podarcis gaigeae,Podarcis gaigeae,Thamnophis sirtalis
Podarcis pityusensis,Podarcis pityusensis,Thamnophis sirtalis
Myotis mystacinus,Myotis mystacinus,Rousettus aegyptiacus
Vipera berus,Vipera berus,Thamnophis sirtalis
Calonectris borealis,Calonectris borealis,Pygoscelis adeliae
Mustelus asterias,Mustelus asterias,Mus musculus
Buteo buteo,Buteo buteo,Gyps fulvus
Myotis nattereri,Myotis nattereri,Rousettus aegyptiacus
Pipistrellus nathusii,Pipistrellus nathusii,Rousettus aegyptiacus
Podarcis bocagei,Podarcis bocagei,Thamnophis sirtalis
Podarcis erhardii,Podarcis erhardii,Thamnophis sirtalis
Podarcis siculus,Podarcis siculus,Thamnophis sirtalis
Podarcis melisellensis,Podarcis melisellensis,Thamnophis sirtalis
Podarcis muralis,Podarcis muralis,Thamnophis sirtalis
Podarcis cretensis,Podarcis cretensis,Thamnophis sirtalis
Conger conger,Conger conger,Cyprinus carpio
Microchirus variegatus,Microchirus variegatus,Cynoglossus semilaevis
Symphodus melops,Symphodus melops,Larimichthys crocea
Silurus aristotelis,Silurus aristotelis,Cyprinus carpio
Myxine glutinosa,Myxine glutinosa,Mus musculus
Nannobrachium achirus,Nannobrachium achirus,Amphiprion ocellaris
Protomyctophum bolini,Protomyctophum bolini,Amphiprion ocellaris
Gymnoscopelus microlampas,Gymnoscopelus microlampas,Amphiprion ocellaris
Protomyctophum parallelum,Protomyctophum parallelum,Amphiprion ocellaris
Notothenia rossii,Notothenia rossii,Pungitius pungitius
Melanostigma gelatinosum,Melanostigma gelatinosum,Pungitius pungitius
Gymnoscopelus braueri,Gymnoscopelus braueri,Amphiprion ocellaris
Vipera ursinii,Vipera ursinii,Thamnophis sirtalis
Anaecypris hispanica,Anaecypris hispanica,Cyprinus carpio
Nesoenas mayeri,Nesoenas mayeri,Saxicola maurus
Chionomys nivalis,Chionomys nivalis,Mus musculus
Alburnus alburnus,Alburnus alburnus,Cyprinus carpio
Barbus barbus,Barbus barbus,Cyprinus carpio
Sylvilagus floridanus,Sylvilagus floridanus,Mus musculus
Pleuronectes platessa,Pleuronectes platessa,Paralichthys olivaceus
Gobius niger,Gobius niger,Amphiprion ocellaris
Hyperoplus immaculatus,Hyperoplus immaculatus,Larimichthys crocea
Syngnathus acus,Syngnathus acus,Syngnathus scovelli
Eptesicus nilssonii,Eptesicus nilssonii,Rousettus aegyptiacus
Osmerus eperlanus,Osmerus eperlanus,Salmo salar
Parambassis ranga,Parambassis ranga,Amphiprion ocellaris
Erithacus rubecula,Erithacus rubecula,Saxicola maurus
Scleropages formosus,Scleropages formosus,Cyprinus carpio
Myripristis murdjan,Myripristis murdjan,Amphiprion ocellaris
Sphaeramia orbicularis,Sphaeramia orbicularis,Amphiprion ocellaris
Salarias fasciatus,Salarias fasciatus,Amphiprion ocellaris
Echeneis naucrates,Echeneis naucrates,Paralichthys olivaceus
Chanos chanos,Chanos chanos,Cyprinus carpio
Acipenser ruthenus,Acipenser ruthenus,Cyprinus carpio
Gadus morhua,Gadus morhua,Amphiprion ocellaris
Rana temporaria,Rana temporaria,Mus musculus
Bufo bufo,Bufo bufo,Mus musculus
Pholis gunnellus,Pholis gunnellus,Pungitius pungitius
Lipophrys pholis,Lipophrys pholis,Amphiprion ocellaris
Taurulus bubalis,Taurulus bubalis,Pungitius pungitius
Cervus elaphus,Cervus elaphus,Cervus nippon
Caprimulgus europaeus,Caprimulgus europaeus,Saxicola maurus
Trachurus trachurus,Trachurus trachurus,Paralichthys olivaceus
Meles meles,Meles meles,Neogale vison
Apodemus sylvaticus,Apodemus sylvaticus,Mus musculus
Meleagris gallopavo,Meleagris gallopavo,Gallus gallus domesticus
Phalacrocorax carbo,Phalacrocorax carbo,Pelecanus crispus
Accipiter gentilis,Accipiter gentilis,Gyps fulvus
Telmatherina bonti,Telmatherina bonti,Poecilia reticulata
Thunnus maccoyii,Thunnus maccoyii,Syngnathus scovelli
Thunnus albacares,Thunnus albacares,Syngnathus scovelli
Nansenia antarctica,Nansenia antarctica,Salmo salar
Notolepis coatsorum,Notolepis coatsorum,Amphiprion ocellaris
Electrona antarctica,Electrona antarctica,Amphiprion ocellaris
Borostomias antarcticus,Borostomias antarcticus,Salmo salar
Orcinus orca,Orcinus orca,Orcinus orca
Fringilla coelebs,Fringilla coelebs,Taeniopygia guttata
Tetrao urogallus,Tetrao urogallus,Gallus gallus domesticus
Cinclus cinclus,Cinclus cinclus,Saxicola maurus
Myotis daubentonii,Myotis daubentonii,Rousettus aegyptiacus
Pipistrellus pygmaeus,Pipistrellus pygmaeus,Rousettus aegyptiacus
Pipistrellus pipistrellus,Pipistrellus pipistrellus,Rousettus aegyptiacus
Sciurus carolinensis,Sciurus carolinensis,Mus musculus
Scyliorhinus canicula,Scyliorhinus canicula,Mus musculus
Streptopelia turtur,Streptopelia turtur,Saxicola maurus
Arvicola amphibius,Arvicola amphibius,Mus musculus
Calypte anna,Calypte anna,Saxicola maurus
Taeniopygia guttata,Taeniopygia guttata,Taeniopygia guttata
Homo sapiens,Homo sapiens,Homo sapiens
Gopherus evgoodei,Gopherus evgoodei,Saxicola maurus
Gorilla gorilla gorilla,Gorilla gorilla gorilla,Homo sapiens
Arctocephalus gazella,Arctocephalus gazella,Arctocephalus gazella
Ornithorhynchus anatinus,Ornithorhynchus anatinus,Ornithorhynchus anatinus
Rhinolophus ferrumequinum,Rhinolophus ferrumequinum,Rousettus aegyptiacus
Archocentrus centrarchus,Archocentrus centrarchus,Poecilia reticulata
Phyllostomus discolor,Phyllostomus discolor,Rousettus aegyptiacus
Pongo abelii,Pongo abelii,Pongo abelii
Pongo pygmaeus,Pongo pygmaeus,Pongo abelii
Bubalus bubalis,Bubalus bubalis,Bos taurus
Balaenoptera musculus,Balaenoptera musculus,Tursiops truncatus
Alca torda,Alca torda,Larus marinus
Tursiops truncatus,Tursiops truncatus,Tursiops truncatus
Zalophus californianus,Zalophus californianus,Arctocephalus gazella
Corvus moneduloides,Corvus moneduloides,Saxicola maurus
Callithrix jacchus,Callithrix jacchus,Callithrix jacchus
Sterna hirundo,Sterna hirundo,Larus marinus
Sylvia atricapilla,Sylvia atricapilla,Cyanistes caeruleus
Arvicanthis niloticus,Arvicanthis niloticus,Mus musculus
Choloepus didactylus,Choloepus didactylus,Procavia capensis
Tamandua tetradactyla,Tamandua tetradactyla,Procavia capensis
Chelonia mydas,Chelonia mydas,Saxicola maurus
Bucorvus abyssinicus,Bucorvus abyssinicus,Bubo scandiacus
Cariama cristata,Cariama cristata,Saxicola maurus
Phoenicopterus ruber ruber,Phoenicopterus ruber ruber,Phoenicopterus roseus
Balearica regulorum gibbericeps,Balearica regulorum gibbericeps,Saxicola maurus
Catharus ustulatus,Catharus ustulatus,Turdus merula
Sylvia borin,Sylvia borin,Cyanistes caeruleus
Chiroxiphia lanceolata,Chiroxiphia lanceolata,Saxicola maurus
Merops nubicus,Merops nubicus,Bubo scandiacus
Tauraco erythrolophus,Tauraco erythrolophus,Saxicola maurus
Lemur catta,Lemur catta,Microcebus murinus
Aythya fuligula,Aythya fuligula,Chauna torquata
Cygnus olor,Cygnus olor,Chauna torquata
Nyctibius grandis,Nyctibius grandis,Saxicola maurus
Melopsittacus undulatus,Melopsittacus undulatus,Ara glaucogularis
Notolabrus celidotus,Notolabrus celidotus,Larimichthys crocea
Pterocles gutturalis,Pterocles gutturalis,Saxicola maurus
Scatophagus argus,Scatophagus argus,Larimichthys crocea
Melanotaenia boesemani,Melanotaenia boesemani,Poecilia reticulata
Megalops cyprinoides,Megalops cyprinoides,Cyprinus carpio
Chelmon rostratus,Chelmon rostratus,Larimichthys crocea
Aplochiton taeniatus,Aplochiton taeniatus,Salmo salar
Xenentodon cancila,Xenentodon cancila,Poecilia reticulata
Electrophorus electricus,Electrophorus electricus,Cyprinus carpio
Antennarius maculatus,Antennarius maculatus,Larimichthys crocea
Anguilla anguilla,Anguilla anguilla,Cyprinus carpio
Dryobates pubescens,Dryobates pubescens,Bubo scandiacus
Thamnophis elegans,Thamnophis elegans,Thamnophis sirtalis
Periophthalmus magnuspinnatus,Periophthalmus magnuspinnatus,Amphiprion ocellaris
Hippoglossus hippoglossus,Hippoglossus hippoglossus,Paralichthys olivaceus
Cyclopterus lumpus,Cyclopterus lumpus,Pungitius pungitius
Sebastes umbrosus,Sebastes umbrosus,Pungitius pungitius
Pristis pectinata,Pristis pectinata,Mus musculus
Petromyzon marinus,Petromyzon marinus,Mus musculus
Trichosurus vulpecula,Trichosurus vulpecula,Sarcophilus harrisii
Cuculus canorus,Cuculus canorus,Saxicola maurus
Lacerta agilis,Lacerta agilis,Thamnophis sirtalis
Geothlypis trichas,Geothlypis trichas,Taeniopygia guttata
Tachyglossus aculeatus,Tachyglossus aculeatus,Ornithorhynchus anatinus
Pan paniscus,Pan paniscus,Pan troglodytes
Mastacembelus armatus,Mastacembelus armatus,Betta splendens
Poecilia formosa,Poecilia formosa,Poecilia reticulata
Hirundo rustica,Hirundo rustica,Cyanistes caeruleus
Pogoniulus pusillus,Pogoniulus pusillus,Bubo scandiacus
Gallus gallus,Gallus gallus,Coturnix japonica
Motacilla alba alba,Motacilla alba alba,Taeniopygia guttata
Acanthisitta chloris,Acanthisitta chloris,Saxicola maurus
Falco naumanni,Falco naumanni,Saxicola maurus
Ciconia maguari,Ciconia maguari,Pelecanus crispus
Pluvialis apricaria,Pluvialis apricaria,Larus marinus
Toxotes jaculatrix,Toxotes jaculatrix,Paralichthys olivaceus
Ovis aries,Ovis aries,Capra hircus
Dromiciops gliroides,Dromiciops gliroides,Sarcophilus harrisii
Alosa sapidissima,Alosa sapidissima,Clupea harengus
Jaculus jaculus,Jaculus jaculus,Mus musculus
Actinemys marmorata,Actinemys marmorata,Saxicola maurus
Rutilus rutilus,Rutilus rutilus,Cyprinus carpio
Leuciscus idus,Leuciscus idus,Cyprinus carpio
Diceros bicornis minor,Diceros bicornis minor,Ceratotherium simum simum
Scomber colias,Scomber colias,Amphiprion ocellaris
Trogon surrucura,Trogon surrucura,Bubo scandiacus
Theristicus caerulescens,Theristicus caerulescens,Platalea ajaja
Hemiscyllium ocellatum,Hemiscyllium ocellatum,Mus musculus
Porphyrio hochstetteri,Porphyrio hochstetteri,Saxicola maurus
Hemiprocne comata,Hemiprocne comata,Saxicola maurus
Tautogolabrus adspersus,Tautogolabrus adspersus,Larimichthys crocea
Apus apus,Apus apus,Saxicola maurus
Melospiza georgiana,Melospiza georgiana,Taeniopygia guttata
Carassius gibelio,Carassius gibelio,Cyprinus carpio
Panthera pardus,Panthera pardus,Panthera pardus
Lynx rufus,Lynx rufus,Felis catus
Phaethornis superciliosus,Phaethornis superciliosus,Saxicola maurus
Bos indicus,Bos indicus,Bos taurus
Desmodus rotundus,Desmodus rotundus,Rousettus aegyptiacus
Gopherus flavomarginatus,Gopherus flavomarginatus,Saxicola maurus
Laterallus jamaicensis coturniculus,Laterallus jamaicensis coturniculus,Saxicola maurus
Rallus limicola,Rallus limicola,Saxicola maurus
Epinephelus malabaricus,Epinephelus malabaricus,Pungitius pungitius
Arizona elegans,Arizona elegans,Thamnophis sirtalis
Squalius cephalus,Squalius cephalus,Cyprinus carpio
Vimba vimba,Vimba vimba,Cyprinus carpio
Lagopus muta,Lagopus muta,Gallus gallus domesticus
Zingel zingel,Zingel zingel,Pungitius pungitius
Romanogobio albipinnatus,Romanogobio albipinnatus,Cyprinus carpio
Semicossyphus pulcher,Semicossyphus pulcher,Larimichthys crocea
Crotalus helleri,Crotalus helleri,Thamnophis sirtalis
Cebidichthys violaceus,Cebidichthys violaceus,Pungitius pungitius
Elgaria multicarinata webbii,Elgaria multicarinata webbii,Pogona vitticeps
Aspidoscelis tigris stejnegeri,Aspidoscelis tigris,Thamnophis sirtalis
Diadophis punctatus similis,Diadophis punctatus similis,Thamnophis sirtalis
Actinemys pallida,Actinemys pallida,Saxicola maurus
Agelaius tricolor,Agelaius tricolor,Taeniopygia guttata
Thymallus thymallus,Thymallus thymallus,Salmo salar
Cottus gobio,Cottus gobio,Pungitius pungitius
Gymnocephalus cernua,Gymnocephalus cernua,Pungitius pungitius
Thamnophis sirtalis fitchi,Thamnophis sirtalis,Thamnophis sirtalis
Charina bottae,Charina bottae,Thamnophis sirtalis
Clinocottus analis,Clinocottus analis,Pungitius pungitius
Sander lucioperca,Sander lucioperca,Pungitius pungitius
Callipepla californica brunnescens,Callipepla californica,Gallus gallus domesticus
Clarias gariepinus,Clarias gariepinus,Cyprinus carpio
Sceloporus occidentalis,Sceloporus occidentalis,Pogona vitticeps
Channallabes apus,Channallabes apus,Cyprinus carpio
Vipera latastei,Vipera latastei,Thamnophis sirtalis
Spheniscus humboldti,Spheniscus humboldti,Pygoscelis adeliae
Spea bombifrons,Spea bombifrons,Mus musculus
Nycticebus coucang,Nycticebus coucang,Microcebus murinus
Ammospiza caudacuta,Ammospiza caudacuta,Taeniopygia guttata
Ammospiza nelsoni,Ammodramus nelsoni,Taeniopygia guttata
Neoarius graeffei,Neoarius graeffei,Cyprinus carpio
Haemorhous mexicanus,Haemorhous mexicanus,Taeniopygia guttata
Acridotheres tristis,Acridotheres tristis,Saxicola maurus
Falco cherrug,Falco cherrug,Saxicola maurus
Falco biarmicus,Falco biarmicus,Saxicola maurus
Falco peregrinus,Falco peregrinus,Saxicola maurus
Pseudorasbora parva,Pseudorasbora parva,Cyprinus carpio
Pleurodeles waltl,Pleurodeles waltl,Mus musculus
Setophaga petechia,Setophaga petechia,Taeniopygia guttata
Perognathus longimembris,Perognathus longimembris,Mus musculus
Peromyscus maniculatus sonoriensis,Peromyscus maniculatus sonoriensis,Mus musculus
Dipodomys merriami,Dipodomys merriami,Mus musculus
Phrynosoma blainvillii,Phrynosoma blainvillii,Pogona vitticeps
Ursus americanus,Ursus americanus,Ursus arctos
Elephas maximus indicus,Elephas maximus indicus,Procavia capensis
Chrysolophus pictus,Chrysolophus pictus,Gallus gallus domesticus
Mesoplodon densirostris,Mesoplodon densirostris,Tursiops truncatus
Symphalangus syndactylus,Symphalangus syndactylus,Hylobates lar
Pan troglodytes,Pan troglodytes,Pan troglodytes
Antrozous pallidus,Antrozous pallidus,Rousettus aegyptiacus
Plestiodon gilberti rubricaudatus,Plestiodon gilberti rubricaudatus,Thamnophis sirtalis
Melanerpes formicivorus,Melanerpes formicivorus,Bubo scandiacus
Cyanocitta stelleri,Cyanocitta stelleri,Saxicola maurus
Myotis yumanensis,Myotis yumanensis,Rousettus aegyptiacus
Puma concolor,Puma concolor,Felis catus
Nomascus leucogenys,Nomascus leucogenys,Hylobates lar
Macaca mulatta,Macaca mulatta,Macaca mulatta
Aotus nancymaae,Aotus nancymaae,Aotus nancymaae
Otocolobus manul,Otocolobus manul,Felis catus
Malaclemys terrapin pileata,Malaclemys terrapin,Saxicola maurus
Harpia harpyja,Harpia harpyja,Gyps fulvus
Gila orcuttii,Gila orcuttii,Cyprinus carpio
Eucyclogobius newberryi,Eucyclogobius newberryi,Amphiprion ocellaris
Corynorhinus townsendii,Corynorhinus townsendii,Rousettus aegyptiacus
Hemicordylus capensis,Hemicordylus capensis,Thamnophis sirtalis
Kogia breviceps,Kogia breviceps,Tursiops truncatus
Podargus strigoides,Podargus strigoides,Saxicola maurus
Monodelphis domestica,Monodelphis domestica,Monodelphis domestica
Neofelis nebulosa,Neofelis nebulosa,Panthera tigris
Odontesthes bonariensis,Odontesthes bonariensis,Poecilia reticulata
Emys orbicularis,Emys orbicularis,Saxicola maurus
Gastrophryne carolinensis,Gastrophryne carolinensis,Mus musculus
Microtus californicus,Microtus californicus,Mus musculus
Aphelocoma californica,Aphelocoma californica,Saxicola maurus
Rissa tridactyla,Rissa tridactyla,Larus marinus
Dendropsophus ebraccatus,Dendropsophus ebraccatus,Mus musculus
Cynocephalus volans,Cynocephalus volans,Chlorocebus sabaeus
Scomber japonicus,Scomber japonicus,Amphiprion ocellaris
Gypaetus barbatus,Gypaetus barbatus,Gyps fulvus
Pangasianodon hypophthalmus,Pangasianodon hypophthalmus,Cyprinus carpio
Erethizon dorsatum,Erethizon dorsatum,Cavia aperea
Sorex araneus,Sorex araneus,Cervus nippon
Rhea pennata,Rhea pennata,Rhea pennata
Euleptes europaea,Euleptes europaea,Sphaerodactylus inigoi
Balaenoptera ricei,Balaenoptera ricei,Tursiops truncatus
Eschrichtius robustus,Eschrichtius robustus,Tursiops truncatus
Hyla sarda,Hyla sarda,Mus musculus
Lycodopsis pacificus,Lycodopsis pacificus,Pungitius pungitius
Pseudophryne corroboree,Pseudophryne corroboree,Mus musculus
Erythrolamprus reginae,Erythrolamprus reginae,Thamnophis sirtalis
Dasypus novemcinctus,Dasypus novemcinctus,Procavia capensis
Pseudopipra pipra,Pseudopipra pipra,Saxicola maurus
Liasis olivaceus,Liasis olivaceus,Thamnophis sirtalis
Hoplias malabaricus,Hoplias malabaricus,Cyprinus carpio
Hypanus sabinus,Hypanus sabinus,Mus musculus
Mobula birostris,Mobula birostris,Mus musculus
Eubalaena glacialis,Eubalaena glacialis,Tursiops truncatus
Trichomycterus rosablanca,Trichomycterus rosablanca,Cyprinus carpio
Loxodonta africana,Loxodonta africana,Procavia capensis
Manis pentadactyla,Manis pentadactyla,Neogale vison
Grus americana,Grus americana,Saxicola maurus
Inia geoffrensis,Inia geoffrensis,Tursiops truncatus
Ara ararauna,Ara ararauna,Ara glaucogularis
Heterohyrax brucei,Heterohyrax brucei,Procavia capensis
Dugong dugon,Dugong dugon,Procavia capensis
Colius striatus,Colius striatus,Bubo scandiacus
Hippopotamus amphibius kiboko,Hippopotamus amphibius kiboko,Tursiops truncatus
Chamaea fasciata,Chamaea fasciata,Cyanistes caeruleus
Pituophis catenifer annectens,Pituophis catenifer annectens,Thamnophis sirtalis
Mirounga angustirostris,Mirounga angustirostris,Arctocephalus gazella
Anniella stebbinsi,Anniella stebbinsi,Pogona vitticeps
Spea hammondii,Spea hammondii,Mus musculus
Lampris incognitus,Lampris incognitus,Amphiprion ocellaris
Rhinichthys osculus,Rhinichthys osculus,Cyprinus carpio
Rhineura floridana,Rhineura floridana,Thamnophis sirtalis
Gavialis gangeticus,Gavialis gangeticus,Saxicola maurus
Poecile atricapillus,Poecile atricapillus,Cyanistes caeruleus
Tadarida brasiliensis,Tadarida brasiliensis,Rousettus aegyptiacus
Salminus brasiliensis,Salminus brasiliensis,Cyprinus carpio
Cyclura pinguis,Cyclura pinguis,Pogona vitticeps
Strix occidentalis,Strix occidentalis,Bubo scandiacus
Aquila chrysaetos,Aquila chrysaetos,Gyps fulvus
Masticophis lateralis,Masticophis lateralis,Thamnophis sirtalis
Pelecanus crispus,Pelecanus crispus,Pelecanus crispus
Passerculus sandwichensis,Passerculus sandwichensis,Taeniopygia guttata
Ochotona princeps,Ochotona princeps,Mus musculus
Stegostoma tigrinum,Stegostoma tigrinum,Mus musculus
Gambelia wislizenii,Gambelia wislizenii,Pogona vitticeps
Melospiza melodia melodia,Melospiza melodia melodia,Taeniopygia guttata
Hipposideros larvatus,Hipposideros larvatus,Rousettus aegyptiacus
Oreortyx pictus,Oreortyx pictus,Gallus gallus domesticus
Sebastes paucispinis,Sebastes paucispinis,Pungitius pungitius
Moxostoma hubbsi,Moxostoma hubbsi,Cyprinus carpio
Sistrurus catenatus,Sistrurus catenatus,Thamnophis sirtalis
Leuresthes tenuis,Leuresthes tenuis,Poecilia reticulata
Leptoclinus maculatus,Leptoclinus maculatus,Pungitius pungitius
Lycaon pictus,Lycaon pictus,Canis lupus familiaris
Eumetopias jubatus,Eumetopias jubatus,Arctocephalus gazella
Coluber constrictor foxii,Coluber constrictor,Thamnophis sirtalis
Glyptemys insculpta,Glyptemys insculpta,Saxicola maurus
Emydoidea blandingii,Emydoidea blandingii,Saxicola maurus
Sternotherus odoratus,Sternotherus odoratus,Saxicola maurus
Malacoraja senta,Malacoraja senta,Mus musculus
Pantherophis vulpinus,Pantherophis vulpinus,Thamnophis sirtalis
Alligator mississippiensis,Alligator mississippiensis,Saxicola maurus
Macrochelys suwanniensis,Macrochelys suwanniensis,Saxicola maurus
Opisthocomus hoazin,Opisthocomus hoazin,Saxicola maurus
Leptodactylus fuscus,Leptodactylus fuscus,Mus musculus
Strix aluco,Strix aluco,Bubo scandiacus
Morus bassanus,Morus bassanus,Pelecanus crispus
Gavia stellata,Gavia stellata,Pelecanus crispus
Tapirus indicus,Tapirus indicus,Tapirus indicus
Pelodytes ibericus,Pelodytes ibericus,Mus musculus
Candoia aspera,Candoia aspera,Thamnophis sirtalis
Heliangelus exortis,Heliangelus exortis,Saxicola maurus
Leptosomus discolor,Leptosomus discolor,Bubo scandiacus
Saccopteryx bilineata,Saccopteryx bilineata,Rousettus aegyptiacus
Thomomys bottae,Thomomys bottae,Mus musculus
Tiliqua scincoides,Tiliqua scincoides,Thamnophis sirtalis
Saccopteryx leptura,Saccopteryx leptura,Rousettus aegyptiacus
Chiloscyllium plagiosum,Chiloscyllium plagiosum,Mus musculus
Cololabis saira,Cololabis saira,Poecilia reticulata
Lithobates pipiens,Lithobates pipiens,Mus musculus
Pantherophis spiloides,Pantherophis spiloides,Thamnophis sirtalis
Chrysemys picta marginata,Chrysemys picta marginata,Saxicola maurus
Graptemys geographica,Graptemys geographica,Saxicola maurus
Chelydra serpentina,Chelydra serpentina,Saxicola maurus
Chrysemys picta bellii,Chrysemys picta bellii,Saxicola maurus
Phoxinus phoxinus,Phoxinus phoxinus,Cyprinus carpio
Carcharodon carcharias,Carcharodon carcharias,Mus musculus
Columba livia,Columba livia,Saxicola maurus
Heptranchias perlo,Heptranchias perlo,Mus musculus
Eleutherodactylus coqui,Eleutherodactylus coqui,Mus musculus
Hydrolagus colliei,Hydrolagus,Mus musculus
Ammospiza maritima maritima,Ammospiza maritima,Taeniopygia guttata
Xenopus petersii,Xenopus petersii,Mus musculus
Pelobates fuscus,Pelobates fuscus,Mus musculus
Passer domesticus,Passer domesticus,Taeniopygia guttata
Caloenas nicobarica,Caloenas nicobarica,Saxicola maurus
Apteryx mantelli,Apteryx mantelli,Rhea pennata
Dromaius novaehollandiae,Dromaius novaehollandiae,Rhea pennata
Camelus dromedarius,Camelus dromedarius,Vicugna pacos
Chlamydotis macqueenii,Chlamydotis macqueenii,Saxicola maurus
Equus caballus,Equus caballus,Tapirus indicus
Narcine bancroftii,Narcine bancroftii,Mus musculus
Equus przewalskii,Equus przewalskii,Tapirus indicus
Heterodontus francisci,Heterodontus francisci,Mus musculus
Amia calva,Amia calva,Cyprinus carpio
Mixophyes fleayi,Mixophyes fleayi,Mus musculus
Clemmys guttata,Clemmys guttata,Saxicola maurus
Buteo regalis,Buteo regalis,Gyps fulvus
Marmota vancouverensis,Marmota vancouverensis,Mus musculus
Lithobates septentrionalis,Lithobates septentrionalis,Mus musculus
Lithobates clamitans,Lithobates clamitans,Mus musculus
Aquarana catesbeiana,Aquarana catesbeiana,Mus musculus
Clethrionomys rutilus,Clethrionomys rutilus,Mus musculus
Mergus octosetaceus,Mergus octosetaceus,Chauna torquata
Fundulus diaphanus,Fundulus diaphanus,Poecilia reticulata
Microtus pennsylvanicus,Microtus pennsylvanicus,Mus musculus
Rhynchonycteris naso,Rhynchonycteris naso,Rousettus aegyptiacus
Molossus alvarezi,Molossus alvarezi,Rousettus aegyptiacus
Molossus nigricans,Molossus rufus,Rousettus aegyptiacus
Artibeus lituratus,Artibeus lituratus,Rousettus aegyptiacus
Artibeus intermedius,Artibeus intermedius,Rousettus aegyptiacus
Patagioenas fasciata,Patagioenas fasciata,Saxicola maurus
Lophius americanus,Lophius americanus,Larimichthys crocea
Anolis sagrei,Anolis sagrei,Pogona vitticeps
Lathamus discolor,Lathamus discolor,Ara glaucogularis
Rhinophrynus dorsalis,Rhinophrynus dorsalis,Mus musculus
Microcebus murinus,Microcebus murinus,Microcebus murinus
Brosme brosme,Brosme brosme,Amphiprion ocellaris
Cyprinella venusta,Cyprinella venusta,Cyprinus carpio
Sarcoramphus papa,Sarcoramphus papa,Gyps fulvus
Sorex ornatus,Sorex ornatus,Cervus nippon
Osmerus mordax,Osmerus mordax mordax,Salmo salar
Glossophaga mutica,Glossophaga soricina,Rousettus aegyptiacus
Amazona ochrocephala,Amazona ochrocephala ochrocephala,Ara glaucogularis
Aegotheles albertisi,Aegotheles albertisi albertisi,Saxicola maurus
Anaxyrus boreas,Anaxyrus boreas,Mus musculus
Foetorepus agassizii,Foetorepus agassizii,Syngnathus scovelli
Liparis gibbus,Liparis gibbus,Pungitius pungitius
Cryptacanthodes maculatus,Cryptacanthodes maculatus,Pungitius pungitius
Eumicrotremus spinosus,Eumicrotremus spinosus,Pungitius pungitius
Polymixia lowei,Polymixia lowei,Amphiprion ocellaris
Ascaphus truei,Ascaphus truei,Mus musculus
Lepisosteus oculatus,Lepisosteus oculatus,Cyprinus carpio
Chaetodon trifascialis,Chaetodon trifascialis,Larimichthys crocea
Excalfactoria chinensis,Excalfactoria chinensis,Coturnix japonica
Pseudorca crassidens,Pseudorca crassidens,Tursiops truncatus
Capra hircus,Capra hircus,Capra hircus
Lepus timidus,Lepus timidus,Mus musculus
Symphurus diomedeanus,Symphurus diomedeanus,Cynoglossus semilaevis
Struthio camelus,Struthio camelus,Rhea pennata
Engystomops pustulosus,Engystomops pustulosus,Mus musculus
